RSID,sumPC,sumBsq,sumEffects,sumEsq,AncestralAllele,DerivedAllele,EAS.AncFreq,EUR.AncFreq,AFR.AncFreq,AssociatedRegions,EASAFRDiff,EASEURDiff,EURAFRDiff,EASPVE,EURPVE,AFRPVE
rs1004164,0.000534169,0.007331032,8.12E-07,0.007331032,G,A,0.5157,0.6844,0.8427,"nose, glabella, eye, zygoma",0.327,0.1687,0.1583,0.003661902,0.003166957,0.001943555
rs10460626,-0.09900642,0.015154275,-1.57E-06,0.015154275,T,C,0.2366,0.4851,0.2655,"mandible, upper mouth, nose, maxillary, eye",0.0289,0.2485,-0.2196,0.005474344,0.007570409,0.005910463
rs10771396,0.236177249,0.021840978,-1.65E-06,0.021840977,G,A,0.8491,0.96163,0.9811,nose,0.132,0.11253,0.01947,0.005596934,0.001611766,0.000809985
rs10771405,-0.077145158,0.017702217,-1.07E-06,0.017702217,T,C,0.1455,0.3181,0.0151,"zygoma, tempora",-0.1304,0.1726,-0.303,0.004401824,0.00767966,0.000526534
rs1078523,0.069537367,0.008225996,6.54E-07,0.008225995,A,C,0.4341,0.495,0.8903,zygoma,0.4562,0.0609,0.3953,0.00404155,0.004112587,0.001606799
rs10808653,-0.065830775,0.008405629,-8.48E-07,0.008405629,G,C,0.4552,0.00495,0.1566,nose,-0.2986,-0.45025,0.15165,0.004169074,8.28E-05,0.002220371
rs10814915,0.002928802,0.011307434,1.48E-07,0.011307434,T,C,0.4539,0.4653,0.789,glabella,0.3351,0.0114,0.3237,0.005605656,0.005626487,0.003764901
rs10817529,-0.100054907,0.00393167,-1.65E-07,0.00393167,A,G,0.5281,0.6423,0.3812,eye,-0.1469,0.1142,-0.2611,0.001959626,0.001806608,0.001854856
rs10862968,0.054508793,0.003899927,-1.77E-06,0.003899927,C,T,0.5167,0.3366,0.9297,upper mouth,0.413,-0.1801,0.5931,0.001947788,0.001741711,0.000509782
rs10862979,-0.073844979,0.006752705,3.80E-08,0.006752705,A,G,0.4887,0.3985,0.947,glabella,0.4583,-0.0902,0.5485,0.003374628,0.003237216,0.00067785
rs10923710,-0.040188022,0.011847367,3.18E-07,0.011847367,G,T,0.4865,0.8069,0.8865,"mandible, lower mouth, upper mouth, maxillary, glabella, eye, tempora, zygoma, forehead",0.4,0.3204,0.0796,0.005919365,0.003691933,0.002384111
rs1093316,0.031875903,0.010104358,-1.43E-07,0.010104358,T,C,0.6924,0.8391,0.9697,"maxillary, nose, lower mouth, upper mouth, forehead, zygoma, tempora, eye, glabella, mandible",0.2773,0.1467,0.1306,0.004304098,0.002728403,0.000593771
rs11049559,0.049624069,0.011041564,-4.38E-07,0.011041564,G,A,0.6425,0.5644,0.6838,nose,0.0413,-0.0781,0.1194,0.005072356,0.005429195,0.00477476
rs11057528,0.023745528,0.008122246,1.23E-06,0.008122245,C,T,0.7606,0.8577,0.9039,zygoma,0.1433,0.0971,0.0462,0.002957921,0.001982652,0.001411074
rs1107307,0.07541482,0.006868177,-1.42E-07,0.006868177,G,A,0.121,0.2735,0.4818,"eye, glabella, zygoma, tempora",0.3608,0.1525,0.2083,0.001460985,0.002729383,0.003429538
rs11116137,-0.12602382,0.009956682,-2.37E-07,0.009956682,G,A,0.6939,0.7178,0.972,"nose, mouth",0.2781,0.0239,0.2542,0.004229654,0.004033714,0.000541962
rs111467622,-0.009065155,0.005895076,-1.24E-06,0.005895076,G,A,0.7152,0.8936,0.9523,nose,0.2371,0.1784,0.0587,0.002401524,0.001120996,0.000535564
rs11175885,0.041346032,0.0059013,-3.68E-07,0.0059013,A,G,0.7061,0.0928,0.8737,nose,0.1676,-0.6133,0.7809,0.002449308,0.000993639,0.001302397
rs113961478,-0.124359602,0.012028736,-3.90E-08,0.012028737,C,T,0.7373,0.7772,0.7882,"upper mouth, nose",0.0509,0.0399,0.011,0.004659661,0.004165796,0.004016173
rs116910218,0.124800212,0.013149039,3.09E-06,0.013149039,A,G,0.8661,1,1,"eye, glabella",0.1339,0.1339,0,0.003049809,0,0
rs1178171,-0.037928694,0.008378685,9.81E-07,0.008378685,A,T,0.6964,0.2129,0.4773,nose,-0.2191,-0.4835,0.2644,0.003542961,0.002808093,0.004180708
rs117922332,0.155746524,0.017904973,-1.22E-06,0.017904973,T,G,0.93492,0.99876,0.9962,nose,0.06128,0.06384,-0.00256,0.002178842,4.43E-05,0.000135561
rs11972687,0.041521829,0.005369547,-8.58E-07,0.005369547,T,C,0.5455,0.9703,0.6573,"nose, maxillary",0.1118,0.4248,-0.313,0.002662541,0.000309478,0.002419053
rs12042657,-0.023272806,0.009723136,-1.43E-06,0.009723137,C,A,0.8641,1,1,nose,0.1359,0.1359,0,0.002283599,0,0
rs12258832,-0.009774565,0.013847652,2.33E-06,0.013847652,G,A,0.7321,0.8923,0.9175,"glabella, eye, tempora, zygoma",0.1854,0.1602,0.0252,0.005431869,0.002661538,0.002096361
rs12429168,-0.004264794,0.005920303,8.82E-07,0.005920303,T,G,0.6722,0.7686,0.9871,nose,0.3149,0.0964,0.2185,0.002609044,0.0021059,0.000150773
rs12473319,0.038785953,0.006585584,-1.81E-06,0.006585583,G,C,0.4846,0.9777,0.9561,glabella,0.4715,0.4931,-0.0216,0.003289668,0.000287167,0.000552831
rs12547849,-0.108671259,0.014596089,-2.85E-07,0.01459609,T,C,0.6154,0.8267,0.9728,"upper mouth, nose, maxillary, glabella, eye, zygoma",0.3574,0.2113,0.1461,0.006909288,0.004182279,0.00077243
rs12562360,0.001420193,0.001709597,1.28E-06,0.001709598,A,G,0.6783,0.4678,0.8616,nose,0.1833,-0.2105,0.3938,0.000746099,0.000851253,0.000407723
rs12570134,0.19188974,0.021946643,-1.81E-06,0.021946643,T,G,0.8095,0.91832,0.7746,"mandible, lower mouth, nose, maxillary, glabella, eye, tempora, zygoma",-0.0349,0.10882,-0.14372,0.006768773,0.003292364,0.007663541
rs12614976,-0.034959537,0.004746315,1.45E-06,0.004746314,T,A,0.463,0.7042,0.3926,"nose, maxillary, eye",-0.0704,0.2412,-0.3116,0.002360162,0.001977337,0.002263662
rs12619464,0.324587505,0.042192126,-4.65E-06,0.042192127,T,C,0.1166,0.01114,0,"mandible, lower mouth, upper mouth",-0.1166,-0.10546,-0.01114,0.008691953,0.000929569,0
rs12619464,0.324587505,0.042192126,-4.65E-06,0.042192127,T,C,0.1166,0.01114,0,"mandible, lower mouth, upper mouth",-0.1166,-0.10546,-0.01114,0.008691953,0.000929569,0
rs12632544,0.131434941,0.005618439,1.15E-06,0.005618439,T,A,0.4728,1,0.9395,"nose, maxillary, glabella, eye, tempora, zygoma, forehead",0.4667,0.5272,-0.0605,0.002800906,0,0.000638701
rs12633616,0.015100152,0.006101351,2.11E-06,0.006101352,A,T,0.5887,0.4493,0.761,nose,0.1723,-0.1394,0.3117,0.002954668,0.003019309,0.002219415
rs12707194,-0.113847418,0.009264498,1.09E-06,0.009264498,A,G,0.3428,0.2921,0.1248,"eye, glabella, zygoma, tempora",-0.218,-0.0507,-0.1673,0.004174363,0.003831381,0.002023829
rs12879559,0.020251887,0.003105871,-2.24E-06,0.003105871,G,A,0.4961,0.6114,0.9372,nose,0.4411,0.1153,0.3258,0.001552841,0.001475848,0.000365599
rs12909674,0.056406443,0.009627927,3.97E-07,0.009627928,C,G,0.1731,0.6386,0.466,"nose, maxillary",0.2929,0.4655,-0.1726,0.002756213,0.004444059,0.004791704
rs12955754,-0.025910034,0.017124107,3.92E-07,0.017124107,G,A,0.8967,0.94059,0.7239,tempora,-0.1728,0.04389,-0.21669,0.003172382,0.001913806,0.006845149
rs1317715,0.109673161,0.01311074,-3.40E-08,0.013110739,C,T,0.7157,0.4567,0.5658,nose,-0.1499,-0.259,0.1091,0.005335377,0.006506208,0.00644184
rs1317715,0.109673161,0.01311074,-3.40E-08,0.013110739,C,T,0.7157,0.4567,0.5658,nose,-0.1499,-0.259,0.1091,0.005335377,0.006506208,0.00644184
rs13182341,0.019641493,0.005485666,3.29E-06,0.005485667,T,C,0.7649,0.6832,0.5991,"upper mouth, maxillary",-0.1658,-0.0817,-0.0841,0.001972953,0.002374611,0.002635086
rs13196306,-0.017828342,0.012501617,3.93E-06,0.012501618,A,G,0.8207,0.8317,0.9387,glabella,0.118,0.011,0.107,0.003679264,0.00349983,0.001438744
rs13206526,0.086023726,0.011268494,-2.70E-06,0.011268494,C,A,0.7184,0.7921,0.9259,"nose, maxillary",0.2075,0.0737,0.1338,0.004559265,0.003711337,0.001546244
rs13287985,0.037850802,0.008360811,-9.96E-07,0.008360811,G,A,0.7847,0.5656,0.9713,nose,0.1866,-0.2191,0.4057,0.00282505,0.004108446,0.000466137
rs13329766,0.063459512,0.016771076,-7.93E-07,0.016771076,T,C,0.1487,0.04208,0.0408,"eye, glabella, zygoma, tempora",-0.1079,-0.10662,-0.00128,0.004246044,0.00135206,0.001312684
rs13403156,0.018829734,0.015341205,-1.70E-06,0.015341205,A,G,0.7642,0.95173,0.643,mandible,-0.1212,0.18753,-0.30873,0.00552892,0.00140955,0.007043178
rs13408200,0.012627784,0.005801348,-3.00E-06,0.005801348,C,T,0.1491,0.8738,0.8003,nose,0.6512,0.7247,-0.0735,0.001472025,0.001279471,0.001854342
rs13426125,0.190664404,0.015477967,-1.30E-07,0.015477967,G,T,0.8852,0.92327,0.8926,"zygoma, tempora",0.0074,0.03807,-0.03067,0.003145772,0.002192996,0.002967598
rs1362462,-0.049790239,0.009602544,-1.18E-06,0.009602544,C,T,0.1339,0.2178,0.093,upper mouth,-0.0409,0.0839,-0.1248,0.002227229,0.003271839,0.001619968
rs1387385,-0.034169694,0.003954599,2.19E-08,0.0039546,C,T,0.7432,0.5879,0.7655,forehead,0.0223,-0.1553,0.1776,0.0015095,0.00191619,0.001419778
rs1418341,0.042490378,0.010254468,-6.21E-07,0.010254468,T,C,0.5665,0.6223,0.9788,"glabella, eye, tempora, forehead",0.4123,0.0558,0.3565,0.005036538,0.004820476,0.000425572
rs1420150,-0.079806771,0.003637612,-2.96E-06,0.003637612,C,G,0.5879,0.823,0.9387,nose,0.3508,0.2351,0.1157,0.001762595,0.001059789,0.000418633
rs1506948,0.295825225,0.015136823,-2.69E-06,0.015136823,T,C,0.2162,0.1547,0.2118,mandible,-0.0044,-0.0615,0.0571,0.005130098,0.003958821,0.005053905
rs1524082,-0.096287111,0.012407822,3.57E-07,0.012407822,G,A,0.6635,0.7116,0.8979,"mandible, lower mouth, upper mouth, nose, maxillary, glabella, eye, zygoma, forehead",0.2344,0.0481,0.1863,0.005540533,0.005092801,0.002274989
rs1529409,0.040226284,0.015034589,-8.40E-08,0.015034589,C,T,0.94439,0.92822,0.8011,"upper mouth, nose",-0.14329,-0.01617,-0.12712,0.001579159,0.002003438,0.004791186
rs1542879,-0.042162172,0.006350686,-8.60E-08,0.006350686,G,T,0.6587,0.4134,0.2383,"maxillary, zygoma",-0.4204,-0.2453,-0.1751,0.00285545,0.003080088,0.002305466
rs1674906,0.083433912,0.008885282,-1.21E-06,0.008885282,G,A,0.5208,0.9771,0.8585,"nose, maxillary",0.3377,0.4563,-0.1186,0.004434953,0.000397627,0.002158728
rs16897057,-0.080069284,0.002417488,5.06E-06,0.002417488,A,G,0.5833,0.474,0.3956,"eye, glabella, zygoma, tempora",-0.1877,-0.1093,-0.0784,0.001175195,0.001205476,0.001156046
rs16961407,0.049130426,0.004139607,-1.15E-07,0.004139607,G,A,0.6246,0.90594,0.941,"eye, glabella, zygoma, tempora",0.3164,0.28134,0.03506,0.001941267,0.000705494,0.000459654
rs17011824,0.122767599,0.010292712,-3.90E-06,0.010292712,G,T,0.7084,0.98144,0.9985,nose,0.2901,0.27304,0.01706,0.00425232,0.000374974,3.08E-05
rs17062339,-0.100199366,0.030198665,-1.22E-06,0.030198665,A,G,0.1509,0.396,0.2655,glabella,0.1146,0.2451,-0.1305,0.007738661,0.014446075,0.011778068
rs17096983,-0.01016407,0.006408009,2.64E-06,0.006408009,C,T,0.8198,1,0.9992,"nose, mouth",0.1794,0.1802,-0.0008,0.001893284,0,1.02E-05
rs17139675,0.102897117,0.00842686,-2.51E-07,0.00842686,A,G,0.3044,0.07178,0.6641,"nose, glabella",0.3597,-0.23262,0.59232,0.003568617,0.001122923,0.003759579
rs17409597,-0.02703162,0.003118139,3.42E-07,0.003118138,T,C,0.6156,0.4765,0.8177,glabella,0.2021,-0.1391,0.3412,0.001475732,0.001555626,0.000929621
rs17537048,0.066804046,0.012499988,1.40E-08,0.012499988,A,G,0.775,0.7698,0.9425,nose,0.1675,-0.0052,0.1727,0.004359371,0.004430195,0.001354842
rs1779445,-0.02675751,0.011566152,2.93E-06,0.011566152,C,T,0.8389,0.7847,0.761,"glabella, eye, tempora, zygoma",-0.0779,-0.0542,-0.0237,0.003126257,0.003908108,0.00420728
rs1828554,-0.037937427,0.006655252,-8.28E-08,0.006655252,G,T,0.8198,0.5829,0.9312,nose,0.1114,-0.2369,0.3483,0.001966334,0.003236151,0.000852758
rs1874285,-0.020918734,0.014719226,1.23E-06,0.014719225,G,T,0.5308,0.802,0.8525,"maxillary,  nose,  lower mouth,  upper mouth,  forehead,  zygoma,  tempora,  eye,  glabella,  mandible",0.3217,0.2712,0.0505,0.007331687,0.004674708,0.003701701
rs1886569,0.063959817,0.007088828,-1.46E-07,0.007088828,A,G,0.3883,0.7401,0.9297,nose,0.5414,0.3518,0.1896,0.003367521,0.0027271,0.000926622
rs1907337,-0.002480897,0.006229582,-1.43E-06,0.006229581,T,C,0.8524,0.146,0.6921,upper mouth,-0.1603,-0.7064,0.5461,0.00156754,0.001553458,0.002655018
rs1951109,0.239086436,0.021906281,-1.48E-06,0.021906281,T,C,0.1761,0.03342,0.4183,"nose, zygoma",0.2422,-0.14268,0.38488,0.006356712,0.001415282,0.010660696
rs195800,0.004144352,0.008043007,-5.68E-08,0.008043007,G,A,0.3798,0.4406,0.6679,nose,0.2881,0.0608,0.2273,0.003789092,0.003964746,0.003568032
rs2044473,0.036046528,0.007917809,-1.25E-07,0.00791781,T,C,0.7818,0.474,0.8064,maxillary,0.0246,-0.3078,0.3324,0.002701378,0.0039482,0.002472241
rs2121905,0.124595837,0.004671505,-7.47E-07,0.004671505,A,T,0.6198,0.5248,0.3404,nose,-0.2794,-0.095,-0.1844,0.002201661,0.002330006,0.002097766
rs2122934,-0.047821932,0.002755215,2.39E-06,0.002755214,G,A,0.263,0.4097,0.3828,upper mouth,0.1198,0.1467,-0.0269,0.001068092,0.001332675,0.001301917
rs2193052,0.021872237,0.005034218,1.19E-06,0.005034219,A,G,0.5156,0.5272,0.7693,nose,0.2537,0.0116,0.2421,0.002514659,0.00250966,0.001786921
rs2203049,-0.297175279,0.027767348,4.86E-07,0.027767348,T,C,0.8617,0.5891,0.7194,mandible,-0.1423,-0.2726,0.1303,0.006618242,0.013442795,0.011210436
rs2253604,-0.025980174,0.008672889,-6.17E-07,0.008672889,G,T,0.6766,0.8403,0.9924,nose,0.3158,0.1637,0.1521,0.003795472,0.002327732,0.000130826
rs227731,0.107135585,0.015879831,-6.66E-07,0.015879831,G,T,0.3413,0.4319,0.7806,"lower mouth, upper mouth",0.4393,0.0906,0.3487,0.007140026,0.007792627,0.005439275
rs2278614,0.204994371,0.007245931,-1.16E-06,0.007245931,C,T,0.7037,0.8106,0.9849,"upper mouth, nose",0.2812,0.1069,0.1743,0.003021645,0.002224901,0.000215523
rs2282216,0.046271036,0.004509555,9.78E-07,0.004509555,G,A,0.6547,0.4554,0.6112,nose,-0.0435,-0.1993,0.1558,0.002038931,0.002236837,0.002143252
rs2342419,-0.066674816,0.016825507,-1.30E-06,0.016825507,A,G,0.0693,0.2921,0.1316,"upper mouth, nose",0.0623,0.2228,-0.1605,0.002170407,0.006958276,0.003845686
rs2374385,-0.088521564,0.004296801,9.35E-07,0.004296801,A,G,0.4921,0.1733,0.4289,glabella,-0.0632,-0.3188,0.2556,0.002147864,0.001231181,0.002104958
rs2377039,-0.079049054,0.006172758,2.55E-07,0.006172759,C,T,0.4833,0.6151,0.6967,forehead,0.2134,0.1318,0.0816,0.003082936,0.002922825,0.00260872
rs2422241,0.191685303,0.00466863,-2.26E-06,0.00466863,G,A,0.4802,0.3886,0.8215,"glabella, eye",0.3413,-0.0916,0.4329,0.002330654,0.00221844,0.001369195
rs2476023,-0.02616464,0.011371773,7.67E-07,0.011371773,G,C,0.7541,0.7698,0.9433,"mandible, lower mouth, upper mouth",0.1892,0.0157,0.1735,0.004217408,0.004030337,0.001216441
rs2857487,0.024423606,0.003621864,-1.83E-06,0.003621864,G,A,0.5401,0.5408,0.7436,nose,0.2035,0.0007,0.2028,0.001799284,0.001798874,0.001381082
rs28584384,0.02707027,0.004874213,-4.17E-06,0.004874214,C,T,0.7495,0.8713,0.767,nose,0.0175,0.1218,-0.1043,0.001830265,0.001093153,0.001742151
rs287104,0.189933642,0.006035132,-4.25E-06,0.006035133,A,G,0.3046,0.6275,0.8298,nose,0.5252,0.3229,0.2023,0.002556709,0.002821349,0.001704707
rs28880333,-0.13864063,0.010909295,-3.67E-06,0.010909294,A,C,0.7199,0.91708,0.77,"eye, glabella, zygoma, tempora",0.0501,0.19718,-0.14708,0.004399588,0.001659179,0.003864072
rs2891934,0.181140163,0.017807067,5.14E-07,0.017807067,C,T,0.3614,0.672,0.8366,nose,0.4752,0.3106,0.1646,0.008219387,0.007849925,0.004868468
rs2967237,-0.028361599,0.006929589,1.66E-07,0.006929589,T,C,0.5751,0.1522,0.6831,nose,0.108,-0.4229,0.5309,0.003386629,0.001788321,0.003000157
rs3125927,-0.111339167,0.008459985,-3.49E-06,0.008459985,G,A,0.1273,0.6918,0.4607,nose,0.3334,0.5645,-0.2311,0.001879719,0.003607554,0.00420386
rs326899,-0.066507554,0.004354417,-8.62E-07,0.004354417,T,G,0.5806,0.4208,0.8313,nose,0.2507,-0.1598,0.4105,0.002120633,0.002122581,0.00122133
rs332734,0.00547168,0.00637328,1.36E-06,0.00637328,T,C,0.4993,0.4703,0.6112,eye,0.1119,-0.029,0.1409,0.003186634,0.003175396,0.003029023
rs34763890,-0.000799505,0.009089689,-1.31E-06,0.009089689,C,T,0.4577,0.63,0.475,maxillary,0.0173,0.1723,-0.155,0.004512316,0.004237613,0.004533482
rs34875425,0.025838991,0.007102999,-1.22E-06,0.007102998,T,C,0.8621,0.98144,0.9985,nose,0.1364,0.11934,0.01706,0.00168886,0.00025877,2.13E-05
rs348979,0.055268753,0.003390722,-5.91E-07,0.003390721,C,T,0.2535,0.5087,0.8502,nose,0.5967,0.2552,0.3415,0.001283305,0.001694848,0.000863684
rs34998838,-0.013244198,0.004187594,-8.97E-07,0.004187594,C,T,0.5701,0.6869,0.4251,nose,-0.145,0.1168,-0.2618,0.002052641,0.001801238,0.002046812
rs35084099,-0.309130046,0.023364023,-4.51E-07,0.023364023,A,C,0.8489,0.755,0.6104,"nose, forehead",-0.2385,-0.0939,-0.1446,0.00599375,0.00864352,0.011112483
rs3740550,0.074160759,0.017652989,-4.42E-06,0.017652989,G,A,0.8602,0.99381,0.9939,"mandible, upper mouth, maxillary, glabella, eye, zygoma",0.1337,0.13361,9.00E-05,0.004245754,0.000217191,0.000214053
rs3761292,-0.129056151,0.004739744,2.50E-06,0.004739744,C,T,0.798,0.8441,0.6808,nose,-0.1172,0.0461,-0.1633,0.001528056,0.001247455,0.00206
rs3815181,0.113131263,0.006268295,-1.77E-06,0.006268295,C,T,0.2593,0.125,0.2209,glabella,-0.0384,-0.1343,0.0959,0.002407821,0.00137119,0.002157587
rs3856440,-0.010477303,0.010989188,3.01E-06,0.010989188,G,A,0.6153,0.4641,0.8949,nose,0.2796,-0.1512,0.4308,0.005202411,0.005466268,0.002067154
rs3887651,-0.086212838,0.003553399,1.99E-06,0.0035534,C,T,0.487,0.9839,0.6475,nose,0.1605,0.4969,-0.3364,0.001775498,0.000112577,0.001622082
rs40646,-0.061804137,0.004251571,2.47E-06,0.004251571,T,C,0.6004,0.92574,0.9977,eye,0.3973,0.32534,0.07196,0.002040072,0.000584552,1.95E-05
rs4128162,0.133727455,0.004554482,3.40E-07,0.004554482,G,T,0.5245,0.375,0.3828,"maxillary,  nose,  lower mouth,  upper mouth,  forehead,  zygoma,  tempora,  eye,  glabella,  mandible",-0.1417,-0.1495,0.0078,0.002271773,0.002134913,0.002152122
rs4714260,0.028694511,0.013197297,-4.79E-07,0.013197297,C,T,0.3957,0.3923,0.6558,"mandible, upper mouth, nose, maxillary",0.2601,-0.0034,0.2635,0.006311515,0.00629249,0.005957956
rs4749259,-0.054738651,0.006140553,5.31E-07,0.006140553,C,T,0.6163,0.93564,0.9349,"glabella, eye, tempora, zygoma, forehead",0.3186,0.31934,-0.00074,0.002904166,0.000739541,0.000747453
rs4800986,-0.070574772,0.004366134,-2.68E-06,0.004366134,G,A,0.5982,0.5334,0.3207,nose,-0.2775,-0.0648,-0.2127,0.00209886,0.002173326,0.001902338
rs4813837,0.027168361,0.005859489,1.20E-07,0.00585949,C,G,0.7426,0.6671,0.9206,mandible,0.178,-0.0755,0.2535,0.002240027,0.002602522,0.000856606
rs4834173,-0.046027914,0.010051946,-1.18E-06,0.010051946,C,G,0.857,0.6077,0.9644,"upper mouth, nose, eye",0.1074,-0.2493,0.3567,0.002463752,0.004792782,0.00069022
rs4857879,0.09612439,0.014596182,-1.15E-06,0.014596182,A,C,0.5764,0.8379,0.5507,"upper mouth, nose",-0.0257,0.2615,-0.2872,0.007127696,0.003965012,0.007223052
rs4895534,0.030560152,0.01198644,1.05E-06,0.01198644,C,T,0.5521,0.6869,0.9501,nose,0.398,0.1348,0.2632,0.005928148,0.005155809,0.001136554
rs4901427,0.003826722,0.004315979,1.25E-06,0.004315979,A,T,0.7111,0.7042,0.7799,nose,0.0688,-0.0069,0.0757,0.001773322,0.001798057,0.001481727
rs4912094,-0.14328258,0.00540345,1.94E-06,0.005403449,C,T,0.7388,0.7537,0.9327,nose,0.1939,0.0149,0.179,0.002085457,0.002006153,0.000678357
rs544784,0.046481477,0.004361102,-8.63E-07,0.004361102,C,T,0.3597,0.3515,0.3525,eye,-0.0072,-0.0082,0.001,0.002008862,0.001988207,0.001990789
rs552757,-0.006621182,0.005936352,2.09E-06,0.005936351,G,A,0.5565,0.6188,0.8661,glabella,0.3096,0.0623,0.2473,0.002930275,0.002800611,0.001376887
rs56186310,-0.080165388,0.016787383,2.48E-06,0.016787383,C,T,0.92698,0.849,0.9024,nose,-0.02458,-0.07798,0.0534,0.002272611,0.004304251,0.002957072
rs56246022,-0.046925452,0.003237567,2.29E-07,0.003237568,C,G,0.6793,0.7599,0.68,zygoma,0.0007,0.0806,-0.0799,0.001410618,0.001181401,0.001408989
rs58116396,0.075666689,0.009330214,1.90E-06,0.009330214,A,G,0.3051,0.5606,0.584,"nose, maxillary",0.2789,0.2555,0.0234,0.003956272,0.004596579,0.004533439
rs58569036,-0.073346974,0.004709125,1.30E-07,0.004709125,A,G,0.717,0.8156,0.8684,nose,0.1514,0.0986,0.0528,0.001911067,0.001416473,0.001076331
rs58646822,-0.089695574,0.013886885,-8.03E-07,0.013886885,C,T,0.7147,0.75,0.9675,upper mouth,0.2528,0.0353,0.2175,0.00566318,0.005207582,0.000873311
rs6022644,-0.095120516,0.009605033,1.20E-06,0.009605033,G,A,0.4206,0.448,0.7368,nose,0.3162,0.0274,0.2888,0.004681409,0.004750572,0.003725327
rs60442375,-0.040006303,0.00461354,-1.53E-06,0.00461354,G,A,0.3399,0.5879,0.6437,nose,0.3038,0.248,0.0558,0.002070261,0.002235478,0.002116234
rs6124893,-0.008608403,0.00679037,-3.85E-07,0.00679037,G,A,0.5218,0.90347,0.8517,nose,0.3299,0.38167,-0.05177,0.003388731,0.001184403,0.001715344
rs62470051,-0.181943082,0.020767157,-7.56E-07,0.020767157,A,G,0.8911,0.7376,0.8215,mandible,-0.0696,-0.1535,0.0839,0.004030523,0.00803881,0.006090498
rs629334,-0.026243014,0.005387362,-3.82E-07,0.005387363,T,C,0.682,0.6597,0.0976,"nose, maxillary",-0.5844,-0.0223,-0.5621,0.002336779,0.002418881,0.000948976
rs6499581,0.06127247,0.016240635,9.34E-07,0.016240635,G,A,0.7096,0.99876,0.9955,"upper mouth, nose",0.2859,0.28916,-0.00326,0.006693345,4.02E-05,0.000145508
rs6555969,-0.086755001,0.007803169,-3.11E-06,0.00780317,C,T,0.6677,0.698,0.9266,glabella,0.2589,0.0303,0.2286,0.003462683,0.003289754,0.001061425
rs6556132,0.10747603,0.004860214,-1.24E-06,0.004860214,G,A,0.5409,0.6869,0.8222,"eye, glabella, zygoma, tempora",0.2813,0.146,0.1353,0.002413847,0.002090557,0.001421002
rs6568401,-0.053060829,0.002897618,-2.15E-06,0.002897618,C,T,0.4033,0.2599,0.4501,upper mouth,0.0468,-0.1434,0.1902,0.001394618,0.001114725,0.001434379
rs6669519,-0.23315042,0.010608272,-2.23E-06,0.010608272,T,A,0.16,0.77516,0.8873,glabella,0.7273,0.61516,0.11214,0.002851504,0.003697767,0.002121627
rs6718516,-0.006449694,0.013060894,-4.02E-06,0.013060894,G,C,0.6687,0.3428,0.879,"nose, zygoma",0.2103,-0.3259,0.5362,0.005787029,0.00588493,0.002778287
rs6725667,-0.000939139,0.004266294,1.31E-06,0.004266294,G,T,0.4586,0.1584,0.236,"upper mouth, nose, eye, tempora",-0.2226,-0.3002,0.0776,0.002118522,0.001137475,0.00153846
rs6745909,0.040950179,0.020371973,-1.09E-07,0.020371973,T,A,0.92089,0.94678,0.9153,"eye, glabella, zygoma, tempora",-0.00559,0.02589,-0.03148,0.002968262,0.002052991,0.003158711
rs6765833,-0.240392766,0.018913458,-2.50E-07,0.018913459,C,T,0.8666,0.8502,0.7867,"glabella, forehead",-0.0799,-0.0164,-0.0635,0.004372959,0.004817635,0.006347474
rs6814518,-0.048969159,0.003839086,-3.90E-06,0.003839086,T,C,0.4559,0.5186,0.2663,"mandible, lower mouth",-0.1896,0.0627,-0.2523,0.00190461,0.001916887,0.001500194
rs6834372,0.04395263,0.006126736,2.18E-06,0.006126736,G,A,0.6444,0.698,0.9183,"eye, glabella",0.2739,0.0536,0.2203,0.002807866,0.002582983,0.000919318
rs6843082,0.081579233,0.00574507,1.06E-06,0.00574507,G,A,0.7343,0.2364,0.3116,upper mouth,-0.4227,-0.4979,0.0752,0.002241767,0.002074143,0.002464698
rs6940295,0.02631334,0.005512685,4.17E-06,0.005512684,G,A,0.5044,0.5173,0.298,"lower mouth, upper mouth, nose",-0.2064,0.0129,-0.2193,0.002756129,0.002753043,0.002306463
rs6983169,0.004409998,0.008326302,1.00E-09,0.008326302,C,T,0.5984,0.6634,0.8805,nose,0.2821,0.065,0.2171,0.004001911,0.003718534,0.001752183
rs6985531,0.059527875,0.004597733,-2.59E-06,0.004597733,C,T,0.449,0.1708,0.5348,"maxillary,  nose,  lower mouth,  upper mouth,  forehead,  zygoma,  tempora,  eye,  glabella,  mandible",0.0858,-0.2782,0.364,0.002274949,0.00130233,0.00228773
rs71631750,0.08969526,0.011767272,-1.30E-08,0.011767272,G,C,0.8247,0.7921,0.8964,forehead,0.0717,-0.0326,0.1043,0.003402387,0.003875612,0.002185583
rs7218433,0.049141866,0.005152089,-1.36E-06,0.00515209,G,T,0.3594,0.2364,0.4531,zygoma,0.0937,-0.123,0.2167,0.002372348,0.001860059,0.002553379
rs7250869,-0.027900221,0.006677724,-3.34E-07,0.006677724,C,T,0.4953,0.6955,0.8147,"nose, maxillary",0.3194,0.2002,0.1192,0.003338567,0.002828413,0.002016191
rs72586392,0.014519147,0.005459805,2.43E-06,0.005459806,G,A,0.5636,0.797,0.9939,"nose, maxillary",0.4303,0.2334,0.1969,0.002685733,0.001766695,6.62E-05
rs72621585,-0.001676396,0.002922907,-2.59E-06,0.002922907,A,G,0.4104,0.7983,0.9168,zygoma,0.5064,0.3879,0.1185,0.001414522,0.000941276,0.000445906
rs72630201,-0.055655027,0.003588138,-7.49E-07,0.003588138,C,T,0.7137,0.93317,0.944,"glabella, eye",0.2303,0.21947,0.01083,0.001466345,0.000447539,0.000379367
rs72631743,0.013424475,0.008334471,-1.90E-06,0.008334472,T,G,0.7696,0.97649,1,eye,0.2304,0.20689,0.02351,0.002955667,0.000382674,0
rs7281993,-0.095443672,0.004436491,-5.51E-06,0.004436491,C,G,0.3141,0.03465,0.2867,forehead,-0.0274,-0.27945,0.25205,0.001911606,0.000296796,0.001814552
rs72854416,-0.057810853,0.012503872,6.96E-07,0.012503872,G,A,0.7967,0.7933,0.9274,"nose, maxillary",0.1307,-0.0034,0.1341,0.004050482,0.004100648,0.001683752
rs72856781,-0.022864169,0.007382824,-3.92E-07,0.007382824,T,A,0.5357,0.3601,0.0832,zygoma,-0.4525,-0.1756,-0.2769,0.003672593,0.003402419,0.001126291
rs72906949,0.073060864,0.005315428,1.75E-06,0.005315428,C,T,0.6968,0.96782,0.7194,nose,0.0226,0.27102,-0.24842,0.002245978,0.000331092,0.002145983
rs7331308,0.048579273,0.004005819,-5.66E-07,0.00400582,A,T,0.5022,0.5334,0.7685,nose,0.2663,0.0312,0.2351,0.002002871,0.001993972,0.001425332
rs73536726,-0.053076137,0.014184467,-9.85E-07,0.014184467,A,T,0.91464,0.97772,0.879,glabella,-0.03564,0.06308,-0.09872,0.002214867,0.000617978,0.003017291
rs73844434,-0.178501613,0.007429342,1.09E-06,0.007429342,C,T,0.1212,0.00619,0.2882,maxillary,0.167,-0.11501,0.28201,0.001582607,9.14E-05,0.003048122
rs7431338,-0.087562323,0.004655462,-7.03E-07,0.004655462,T,C,0.5389,0.6386,0.5265,nose,-0.0124,0.0997,-0.1121,0.002313642,0.002148869,0.002321192
rs7434700,0.112414145,0.016773596,7.69E-07,0.016773597,T,A,0.2551,0.1027,0.6044,"maxillary,  nose,  lower mouth,  upper mouth,  forehead,  zygoma,  tempora,  eye,  glabella,  mandible",0.3493,-0.1524,0.5017,0.006374771,0.003091465,0.008021155
rs745578,-0.143208707,0.008085263,5.78E-07,0.008085263,A,G,0.7468,0.2463,0.6452,"maxillary,  nose,  lower mouth,  upper mouth,  forehead,  zygoma,  tempora,  eye,  glabella,  mandible",-0.1016,-0.5005,0.3989,0.003057681,0.003001837,0.003701708
rs74880650,-0.110778971,0.04222218,4.93E-07,0.04222218,G,A,0.94118,1,0.9992,zygoma,0.05802,0.05882,-0.0008,0.004674857,0,6.75E-05
rs7516137,-0.111413174,0.003542578,4.08E-07,0.003542578,C,G,0.4299,0.6819,0.5794,nose,0.1495,0.252,-0.1025,0.001736472,0.001536858,0.001726622
rs75208169,-0.053746925,0.029668731,3.56E-07,0.029668731,G,A,0.94185,1,1,mandible,0.05815,0.05815,0,0.003249828,0,0
rs75493661,0.176236821,0.009479725,1.23E-06,0.009479725,G,A,0.7317,0.90718,0.9887,"nose, eye",0.257,0.17548,0.08152,0.003722027,0.00159647,0.000211821
rs75614054,0.020350588,0.032447128,-1.46E-06,0.032447128,C,T,0.8966,0.8985,0.9811,"maxillary,  nose,  lower mouth,  upper mouth,  forehead,  zygoma,  tempora,  eye,  glabella,  mandible",0.0845,0.0019,0.0826,0.006016245,0.00591821,0.001203321
rs75678295,0.058996843,0.005913427,-1.29E-06,0.005913427,G,C,0.7017,0.93564,0.9932,nose,0.2915,0.23394,0.05756,0.002475563,0.000712187,7.99E-05
rs76482532,-0.083722383,0.010608968,1.28E-06,0.010608968,G,A,0.8193,0.8886,0.8707,zygoma,0.0514,0.0693,-0.0179,0.003141263,0.002100364,0.002388747
rs76641259,0.244105139,0.019000333,-1.36E-07,0.019000333,A,C,0.92799,0.99629,0.9002,"eye, zygoma",-0.02779,0.0683,-0.09609,0.002539378,0.000140459,0.003413978
rs7694450,0.00196568,0.003472585,-4.34E-06,0.003472585,A,G,0.2973,0.448,0.8971,lower mouth,0.5998,0.1507,0.4491,0.001450934,0.001717513,0.00064112
rs7712213,-0.14383787,0.022037715,1.60E-06,0.022037714,A,C,0.657,0.7946,0.5522,tempora,-0.1048,0.1376,-0.2424,0.009932442,0.007193588,0.010898759
rs77139634,-0.226508599,0.020995691,-2.22E-06,0.020995691,C,T,0.90788,1,0.9992,nose,0.09132,0.09212,-0.0008,0.003511903,0,3.36E-05
rs77646409,0.122990105,0.018193436,1.80E-06,0.018193436,C,T,0.8747,0.98267,0.944,"nose, mouth",0.0693,0.10797,-0.03867,0.003987998,0.000619656,0.001923556
rs7821044,0.0025509,0.010182164,2.11E-06,0.010182164,C,G,0.5321,0.8218,0.6596,"nose, maxillary",0.1275,0.2897,-0.1622,0.005070098,0.002982249,0.004572359
rs7833284,-0.076846763,0.00863004,-3.93E-06,0.008630041,A,C,0.7448,0.99134,0.8109,glabella,0.0661,0.24654,-0.18044,0.003280674,0.000148178,0.002646681
rs7841749,-0.3565235,0.031985026,1.30E-07,0.031985026,T,C,0.9383,0.724,0.68,zygoma,-0.2583,-0.2143,-0.044,0.003703425,0.012782752,0.013919883
rs78492399,-0.010705559,0.011651005,-9.71E-07,0.011651006,C,T,0.92123,0.7797,0.7723,upper mouth,-0.14893,-0.14153,-0.0074,0.001690917,0.004002538,0.004097722
rs7851959,0.015683947,0.007007303,-1.42E-06,0.007007303,G,C,0.6846,0.99381,0.6225,"nose, maxillary, glabella, eye, zygoma",-0.0621,0.30921,-0.37131,0.003026074,8.62E-05,0.003293345
rs78520578,0.137087994,0.007620253,3.88E-06,0.007620252,G,C,0.7373,0.99876,0.6225,downface,-0.1148,0.26146,-0.37626,0.002951914,1.89E-05,0.003581424
rs7867828,-0.139080303,0.007765735,-1.46E-06,0.007765735,G,C,0.4327,0.6077,0.7209,mandible,0.2882,0.175,0.1132,0.003812521,0.003702713,0.003124981
rs7871091,-0.020119119,0.008470522,-2.18E-06,0.008470521,G,A,0.4268,0.0099,0.5227,"mandible, lower mouth",0.0959,-0.4169,0.5128,0.004144487,0.000166056,0.004226531
rs788509,0.053706989,0.004182357,-1.05E-06,0.004182356,G,A,0.2652,0.5842,0.8079,nose,0.5427,0.319,0.2237,0.001630023,0.002031876,0.001298183
rs7899626,-0.03235483,0.006287171,5.90E-07,0.006287171,C,T,0.5257,0.6522,0.7504,nose,0.2247,0.1265,0.0982,0.00313528,0.002852303,0.002355172
rs79076868,-0.101248559,0.011865684,-1.68E-06,0.011865684,G,A,0.7263,0.90099,0.9788,tempora,0.2525,0.17469,0.07781,0.004717519,0.002117005,0.000492439
rs79342471,0.107275807,0.005199888,-1.79E-06,0.005199888,G,A,0.7353,0.849,0.969,upper mouth,0.2337,0.1137,0.12,0.002024149,0.001333241,0.000312399
rs7937453,-0.068038037,0.009943653,1.60E-07,0.009943653,G,A,0.2603,0.6225,0.5212,"eye, glabella",0.2609,0.3622,-0.1013,0.00382918,0.004673393,0.004962888
rs7975189,0.01642724,0.009360328,2.18E-06,0.009360328,G,C,0.1643,0.3032,0.4629,"maxillary,  nose,  lower mouth,  upper mouth,  forehead,  zygoma,  tempora,  eye,  glabella,  mandible",0.2986,0.1389,0.1597,0.002570449,0.003955109,0.004654397
rs80039904,0.060774022,0.007952849,-9.84E-07,0.007952848,C,T,0.7554,0.99876,0.8903,"eye, glabella",0.1349,0.24336,-0.10846,0.002938909,1.97E-05,0.001553444
rs8068343,0.075088338,0.010069449,3.54E-06,0.010069449,C,T,0.4993,0.9533,0.8351,nose,0.3358,0.454,-0.1182,0.005034715,0.000896566,0.002773287
rs811156,0.110515635,0.004588731,3.56E-06,0.004588731,T,C,0.465,0.823,0.857,"eye, glabella",0.392,0.358,0.034,0.002283123,0.00133689,0.001124707
rs880264,0.010180219,0.004370751,-1.33E-06,0.004370751,T,C,0.63,0.8106,0.7194,glabella,0.0894,0.1806,-0.0912,0.002037644,0.001342062,0.001764591
rs9288572,-0.00559645,0.005550975,1.92E-06,0.005550975,G,A,0.4674,0.8502,0.8601,nose,0.3927,0.3828,0.0099,0.002763689,0.001413944,0.001335875
rs9381919,0.019982823,0.002380295,-7.69E-07,0.002380295,G,T,0.7125,0.8812,0.8321,nose,0.1196,0.1687,-0.0491,0.000975177,0.00049837,0.0006651
rs9557284,-0.007173798,0.005966127,-1.19E-06,0.005966126,G,A,0.5921,0.8762,0.8018,glabella,0.2097,0.2841,-0.0744,0.002881849,0.001294334,0.001896235
rs9812461,-0.058539667,0.008421241,1.70E-06,0.008421241,G,A,0.4148,0.4059,0.6112,"upper mouth, nose",0.1964,-0.0089,0.2053,0.00408836,0.004061484,0.004002356
rs9836369,0.012635308,0.006080326,1.26E-06,0.006080325,A,C,0.2294,0.5161,0.4728,"eye, glabella, zygoma, tempora",0.2434,0.2867,-0.0433,0.002149707,0.003037011,0.003031166
rs9844571,-0.047640556,0.006959898,1.94E-06,0.006959899,G,A,0.4545,0.5248,0.4342,maxillary,-0.0203,0.0703,-0.0906,0.003451132,0.003471388,0.003419681
rs9900242,0.04527083,0.008136735,-1.65E-07,0.008136735,A,G,0.3903,0.3589,0.1679,nose,-0.2224,-0.0314,-0.191,0.003872531,0.003744376,0.00227356
rs9934435,-0.005273655,0.003788511,7.78E-07,0.003788511,C,T,0.6903,0.8144,0.8593,nose,0.169,0.1241,0.0449,0.001619861,0.001145287,0.000916089
rs9980535,-0.073357607,0.004292938,7.11E-07,0.004292938,A,G,0.2551,0.8243,0.5212,nose,0.2661,0.5692,-0.3031,0.001631522,0.001243488,0.00214261
rs9995821,0.063636387,0.009538534,4.58E-07,0.009538533,T,C,0.8083,0.8069,0.8011,"upper mouth, nose, maxillary",-0.0072,-0.0014,-0.0058,0.002956013,0.002972444,0.003039717