VariantID,AgeMode_MutYears,EAS.AncFreq,EUR.AncFreq,AFR.AncFreq,EAS.SubRate,EUR.SubRate,AFR.SubRate,EAS.groups,EUR.groups,AFR.groups
rs116867275,26991,1,0.9811,0.9992,0,0.001400467,5.93E-05,purple,black,purple
rs6948022,344654,1,0.8877,0.6944,0,0.000651668,0.001773373,purple,purple,black
rs514892,452332,0.998,0.8956,0.6619,8.84E-06,0.000461608,0.00149492,purple,purple,black
rs634687,202656,0.999,0.9314,0.9304,9.87E-06,0.000677009,0.000686878,purple,purple,purple
rs79297754,619690,0.9911,0.9374,0.792,2.87E-05,0.000202037,0.000671303,purple,purple,purple
rs17054293,272696,0.9891,0.7296,0.7451,7.99E-05,0.001983161,0.001869481,purple,black,black
rs9893705,176638,0.9921,0.7952,0.652,8.94E-05,0.002318867,0.003940262,purple,black,black
rs6852838,73099.6,0.996,0.8082,0.885,0.00010944,0.005247635,0.003146392,purple,black,black
rs2581548,60304.4,0.996,0.5626,0.9728,0.00013266,0.014506404,0.00090209,purple,green,purple
rs7970054,402072,0.9524,0.9046,0.9576,0.000236774,0.000474542,0.000210907,purple,purple,purple
rs10178696,266104,0.9673,0.7366,0.8328,0.000245769,0.001979677,0.001256652,purple,black,black
rs742071,245430,0.9673,0.5676,0.6089,0.000266471,0.003523612,0.003187059,purple,black,black
rs6715010,276922,0.9623,0.4881,0.767,0.000272279,0.00369707,0.001682784,purple,black,black
rs7590268,163340.6,0.9732,0.7505,0.8041,0.000328149,0.003054966,0.002398669,purple,black,black
rs73048344,191824.4,0.9653,0.8698,0.9478,0.000361789,0.001357492,0.000544248,purple,black,purple
rs2203049,726402,0.8617,0.5891,0.7194,0.000380781,0.001131329,0.000772575,purple,purple,purple
rs7674010,373890,0.9236,0.6799,0.4228,0.000408676,0.001712268,0.003087539,purple,black,black
rs56186310,315718,0.92698,0.849,0.9024,0.000462565,0.00095655,0.000618273,purple,purple,purple
rs34199564,76638.8,0.9821,0.8082,0.9455,0.000467126,0.005005298,0.001422256,purple,black,black
rs12955754,440944,0.8967,0.94059,0.7239,0.00046854,0.000269467,0.001252313,purple,purple,black
rs76641259,284926,0.92799,0.99629,0.9002,0.000505465,2.60E-05,0.000700533,purple,purple,purple
rs6745909,306400,0.92089,0.94678,0.9153,0.000516384,0.000347389,0.000552872,purple,purple,purple
rs7841749,200884,0.9383,0.724,0.68,0.000614285,0.002747854,0.003185918,purple,black,black
rs73547403,258392,0.91007,0.98391,0.8343,0.000696074,0.000124539,0.001282547,purple,purple,black
rs62470051,296428,0.8911,0.7376,0.8215,0.000734748,0.001770413,0.00120434,purple,black,purple
rs3761292,473076,0.798,0.8441,0.6808,0.000853985,0.000659091,0.001349466,purple,purple,black
rs8176501,315272,0.8562,0.6988,0.4924,0.000912228,0.001910731,0.003220077,purple,black,black
rs10448285,286024,0.869,0.6412,0.7103,0.000916007,0.00250888,0.002025704,purple,black,black
rs10047930,557654,0.7351,0.5477,0.6309,0.000950051,0.001622153,0.00132376,purple,black,black
rs73536726,176887.8,0.91464,0.97772,0.879,0.000965132,0.000251911,0.001368099,purple,purple,black
rs35084099,308326,0.8489,0.755,0.6104,0.000980131,0.001589227,0.002527195,purple,black,black
rs1907337,298968,0.8524,0.146,0.6921,0.000987397,0.005712986,0.002059752,purple,black,black
rs62443772,146623,0.9256,0.8131,0.8646,0.001014848,0.002549395,0.001846914,purple,black,black
rs76810699,121028.6,0.9385,0.8718,0.9433,0.001016289,0.002118508,0.000936969,purple,black,purple
rs1828554,341932,0.8198,0.5829,0.9312,0.001054011,0.002439666,0.000402419,purple,black,purple
rs12878658,61605.2,0.9663,0.8101,0.9478,0.001094063,0.006165064,0.001694662,purple,black,black
rs10771396,260016,0.8491,0.96163,0.9811,0.001160698,0.000295136,0.000145376,purple,purple,purple
rs11057528,398654,0.7606,0.8577,0.9039,0.001201042,0.000713902,0.000482122,purple,purple,purple
rs34875425,223720,0.8621,0.98144,0.9985,0.001232791,0.000165922,1.34E-05,purple,purple,purple
rs3936018,79226,0.9494,0.7535,0.8253,0.001277358,0.006222705,0.004410168,black,black,black
rs17409597,505948,0.6156,0.4765,0.8177,0.001519524,0.002069383,0.000720627,black,black,purple
rs4912094,336200,0.7388,0.7537,0.9327,0.001553837,0.001465199,0.000400357,black,black,purple
rs4901427,369902,0.7111,0.7042,0.7799,0.001562035,0.001599343,0.001190045,black,black,purple
rs78492399,100568.8,0.92123,0.7797,0.7723,0.00156649,0.00438108,0.004528243,black,black,black
rs76482532,224408,0.8193,0.8886,0.8707,0.00161046,0.000992834,0.001152365,black,purple,purple
rs111467622,353544,0.7152,0.8936,0.9523,0.001611115,0.000601905,0.000269839,black,purple,purple
rs11190970,42915.8,0.9653,0.7972,0.9584,0.00161712,0.009451065,0.00193868,black,black,black
rs2377039,637458,0.4833,0.6151,0.6967,0.001621126,0.001207609,0.000951592,black,purple,purple
rs56246022,383684,0.6793,0.7599,0.68,0.001671688,0.001251551,0.001668039,black,black,black
rs117922332,77747,0.93492,0.99876,0.9962,0.001674148,3.19E-05,9.78E-05,black,purple,purple
rs2121905,451142,0.6198,0.5248,0.3404,0.0016855,0.002106654,0.002924135,black,black,black
rs11175885,344434,0.7061,0.0928,0.8737,0.001706568,0.005267773,0.000733377,black,black,purple
rs35798215,465326,0.5982,0.6859,0.4629,0.001726961,0.001350021,0.002308489,black,black,black
rs7851959,338276,0.6846,0.99381,0.6225,0.001864749,3.66E-05,0.002231905,black,purple,black
rs1874285,495006,0.5308,0.802,0.8525,0.001895735,0.00079999,0.000595952,black,purple,purple
rs13403156,247548,0.7642,0.95173,0.643,0.001905085,0.000389985,0.002884289,black,purple,black
rs9524742,200060,0.8075,0.5606,0.8268,0.001924423,0.004392682,0.001731481,black,black,black
rs75614054,103762.4,0.8966,0.8985,0.9811,0.001993015,0.001956393,0.000364294,black,black,purple
rs2278614,294618,0.7037,0.8106,0.9849,0.002011418,0.001285733,0.000102506,black,black,purple
rs4857879,414966,0.5764,0.8379,0.5507,0.002041613,0.000781269,0.002165479,black,purple,black
rs13426125,112072.8,0.8852,0.92327,0.8926,0.002048668,0.001369289,0.001916611,black,black,black
rs17655927,262064,0.7252,0.6918,0.9894,0.002097198,0.002352097,8.09E-05,black,black,purple
rs4811827,331666,0.6508,0.4225,0.4251,0.002105733,0.003482419,0.003466741,black,black,black
rs147599640,47314.8,0.94878,1,1,0.002165073,0,0,black,purple,purple
rs16897057,381956,0.5833,0.474,0.3956,0.002181927,0.002754244,0.003164762,black,black,black
rs34998838,390182,0.5701,0.6869,0.4251,0.002203587,0.001604892,0.00294683,black,black,black
rs880264,330234,0.63,0.8106,0.7194,0.002240835,0.001147065,0.001699401,black,purple,black
rs1588405,520672,0.4137,0.4722,0.5272,0.00225209,0.00202738,0.001816115,black,black,black
rs113961478,228818,0.7373,0.7772,0.7882,0.002296148,0.001947399,0.001851253,black,black,black
rs58569036,241918,0.717,0.8156,0.8684,0.002339636,0.001524484,0.001087972,black,black,purple
rs35395759,157792.2,0.8135,0.7545,0.9607,0.002363868,0.003111687,0.000498123,black,black,purple
rs12039502,290942,0.6478,0.6779,0.5756,0.002421101,0.002214187,0.00291742,black,black,black
rs11116137,246152,0.6939,0.7178,0.972,0.002487081,0.002292892,0.000227502,black,black,purple
rs7431338,364286,0.5389,0.6386,0.5265,0.002531527,0.001984155,0.002599606,black,black,black
rs3887651,404552,0.487,0.9839,0.6475,0.002536139,7.96E-05,0.001742668,black,purple,black
rs72906949,235920,0.6968,0.96782,0.7194,0.002570363,0.000272804,0.002378772,black,purple,black
rs13287985,165629,0.7847,0.5656,0.9713,0.002599786,0.005245458,0.000346558,black,black,purple
rs77646409,95831.4,0.8747,0.98267,0.944,0.002615009,0.000361677,0.001168719,black,purple,purple
rs9934435,235554,0.6903,0.8144,0.8593,0.002629546,0.001575859,0.001194631,black,black,purple
rs6765833,100485.2,0.8666,0.8502,0.7867,0.002655117,0.002981534,0.004245401,black,black,black
rs74880650,43869.6,0.94118,1,0.9992,0.002681584,0,3.65E-05,black,purple,purple
rs72630201,211908,0.7137,0.93317,0.944,0.002702116,0.000630745,0.000528531,black,purple,purple
rs6139982,436530,0.4048,0.5497,0.6679,0.00272696,0.002063088,0.001521545,black,black,black
rs6124893,349462,0.5218,0.90347,0.8517,0.002736778,0.000552449,0.000848733,black,purple,purple
rs12042657,98268.2,0.8641,1,1,0.0027659,0,0,black,purple,purple
rs7597495,403534,0.4415,0.337,0.6377,0.002768044,0.003285968,0.001795636,black,black,black
rs12570134,136656.4,0.8095,0.91832,0.7746,0.002788014,0.001195407,0.003298784,black,purple,black
rs6568401,427136,0.4033,0.2599,0.4501,0.002793958,0.003465407,0.002574824,black,black,black
rs7899626,337058,0.5257,0.6522,0.7504,0.002814352,0.00206374,0.001481051,black,black,black
rs16961407,265138,0.6246,0.90594,0.941,0.002831733,0.000709517,0.000445051,black,purple,purple
rs80039904,171301.2,0.7554,0.99876,0.8903,0.002855789,1.45E-05,0.001280785,black,purple,black
rs77139634,64205.8,0.90788,1,0.9992,0.002869523,0,2.49E-05,black,purple,purple
rs6718516,229568,0.6687,0.3428,0.879,0.002886291,0.005725537,0.001054154,black,black,purple
rs12632544,356110,0.4728,1,0.9395,0.002960883,0,0.000339783,black,purple,purple
rs12633616,277668,0.5887,0.4493,0.761,0.002962531,0.003966608,0.00172148,black,black,black
rs28584384,168939.2,0.7495,0.8713,0.767,0.002965564,0.001523625,0.002758389,black,black,black
rs4834173,93114,0.857,0.6077,0.9644,0.003071504,0.00842623,0.000764654,black,black,purple
rs12535551,293500,0.5446,0.6123,0.9198,0.003103237,0.002641908,0.000546508,black,black,purple
rs4749259,246876,0.6163,0.93564,0.9349,0.003108443,0.000521395,0.00052739,black,purple,purple
rs9812461,375822,0.4148,0.4059,0.6112,0.00311424,0.003161603,0.002069065,black,black,black
rs75208169,35642.2,0.94185,1,1,0.003262986,0,0,black,purple,purple
rs56081252,151375.4,0.748,0.6103,0.8434,0.003329471,0.005148789,0.002069028,black,black,black
rs34763890,325366,0.4577,0.63,0.475,0.003333477,0.002274362,0.003227135,black,black,black
rs2122934,430618,0.263,0.4097,0.3828,0.003422987,0.002741641,0.002866578,black,black,black
rs1078523,329038,0.4341,0.495,0.8903,0.003439724,0.003069554,0.000666792,black,black,purple
rs2465274,63399.6,0.8899,0.7127,0.9887,0.003473208,0.009063149,0.000356469,black,black,purple
rs72854416,113901.4,0.7967,0.7933,0.9274,0.003569754,0.003629455,0.001274787,black,black,black
rs7867828,317324,0.4327,0.6077,0.7209,0.003575525,0.002472552,0.001759085,black,black,black
rs116910218,73738.6,0.8661,1,1,0.003631748,0,0,black,purple,purple
rs2760734,108017,0.8006,0.8191,0.8048,0.003692011,0.003349473,0.003614246,black,black,black
rs148375239,416672,0.2292,0.5388,0.6286,0.003699793,0.002213732,0.001782697,black,black,black
rs10814915,295034,0.4539,0.4653,0.789,0.003701946,0.003624667,0.001430344,black,black,black
rs79342471,139190.6,0.7353,0.849,0.969,0.003803418,0.002169687,0.000445432,black,black,purple
rs7821044,245860,0.5321,0.8218,0.6596,0.003806231,0.001449605,0.002769056,black,black,black
rs11049559,184381,0.6425,0.5644,0.6838,0.00387784,0.004724999,0.003429854,black,black,black
rs1427539,399140,0.2212,0.6421,0.5287,0.00390239,0.001793356,0.002361577,black,black,black
rs3125927,432916,0.1273,0.6918,0.4607,0.004031729,0.001423833,0.002491476,black,black,black
rs10460626,372618,0.2366,0.4851,0.2655,0.004097494,0.002763688,0.003942375,black,black,black
rs17537048,106698.8,0.775,0.7698,0.9425,0.004217479,0.00431495,0.0010778,black,black,purple
rs34988394,36871,0.9216,0.7515,0.9894,0.004252665,0.013479428,0.000574978,black,green,purple
rs9995821,90078.2,0.8083,0.8069,0.8011,0.004256302,0.004287386,0.004416163,black,black,black
rs79076868,127837.8,0.7263,0.90099,0.9788,0.004281989,0.001548994,0.00033167,black,black,purple
rs2390383,363288,0.2202,0.4453,0.3722,0.004293013,0.003053776,0.003456211,black,black,black
rs348979,344366,0.2535,0.5087,0.8502,0.004335504,0.00285336,0.000870005,black,black,purple
rs7516137,261918,0.4299,0.6819,0.5794,0.004353271,0.002429004,0.003211692,black,black,black
rs58116396,315456,0.3051,0.5606,0.584,0.004405686,0.002785808,0.002637452,black,black,black
rs332734,223646,0.4993,0.4703,0.6112,0.004477612,0.00473695,0.003476923,black,black,black
rs36024188,357030,0.1964,0.3478,0.2814,0.004501583,0.003653474,0.004025432,black,black,black
rs13408200,368112,0.1491,0.8738,0.8003,0.00462305,0.000685661,0.001084996,black,purple,purple
rs7937453,319672,0.2603,0.6225,0.5212,0.004627869,0.002361796,0.00299557,black,black,black
rs13196306,76234.2,0.8207,0.8317,0.9387,0.004703926,0.004415341,0.001608202,black,black,black
rs12429168,138494.2,0.6722,0.7686,0.9871,0.004733772,0.003341656,0.000186289,black,black,purple
rs3891585,341024,0.1925,0.3956,0.4418,0.004735737,0.003544619,0.00327367,black,black,black
rs7859005,291136,0.2996,0.5577,0.6687,0.004811497,0.003038443,0.002275912,black,black,black
rs793487,304960,0.2629,0.3996,0.1649,0.004834077,0.003937566,0.005476784,black,black,black
rs3740550,57255.6,0.8602,0.99381,0.9939,0.004883365,0.000216223,0.00021308,black,purple,purple
rs7833284,102880.4,0.7448,0.99134,0.8109,0.0049611,0.000168351,0.003676113,black,purple,black
rs1004164,194172.4,0.5157,0.6844,0.8427,0.004988351,0.003250719,0.00162021,black,black,black
rs2342419,371794,0.0693,0.2921,0.1316,0.005006536,0.003808023,0.004671404,black,black,black
rs6843082,104791.2,0.7343,0.2364,0.3116,0.005071036,0.014573743,0.013138508,black,green,green
rs6578283,331106,0.1429,0.3181,0.5204,0.005177194,0.004118923,0.002896957,black,black,black
rs4895534,170425.2,0.5521,0.6869,0.9501,0.005256265,0.003674339,0.000585594,black,black,purple
rs1506948,297406,0.2162,0.1547,0.2118,0.005270909,0.005684485,0.005300498,black,black,black
rs60442375,238782,0.3399,0.5879,0.6437,0.005528892,0.003451684,0.002984312,black,black,black
rs1420150,148866.6,0.5879,0.823,0.9387,0.0055365,0.002377968,0.000823556,black,black,purple
rs10160931,152237.8,0.5724,0.6581,0.8185,0.005617527,0.004491657,0.002384428,black,black,black
rs75493661,90986.4,0.7317,0.90718,0.9887,0.005897585,0.002040305,0.000248389,black,black,purple
rs7121535,180553,0.4464,0.5696,0.9697,0.006132271,0.004767575,0.000335636,black,black,purple
rs4813837,83695,0.7426,0.6671,0.9206,0.006150905,0.007955075,0.001897365,black,black,black
rs71631750,56286.4,0.8247,0.7921,0.8964,0.006228858,0.00738722,0.003681173,black,black,black
rs3856440,119940,0.6153,0.4641,0.8949,0.006414874,0.008936135,0.001752543,black,black,black
rs2422241,151787,0.4802,0.3886,0.8215,0.006849071,0.008056026,0.00235198,black,black,black
rs2967237,118897.6,0.5751,0.1522,0.6831,0.007147327,0.014261011,0.005330637,black,green,black
rs13206526,76624,0.7184,0.7921,0.9259,0.007350177,0.005426498,0.00193412,black,black,black
rs10838269,230414,0.1389,0.7028,0.8548,0.007474372,0.002579704,0.00126034,black,black,black
rs7434700,198113.4,0.2551,0.1027,0.6044,0.007519936,0.009058448,0.003993672,black,black,black
rs1674906,125970.2,0.5208,0.9771,0.8585,0.007608149,0.000363578,0.002246563,black,purple,black
rs72621585,153406.8,0.4104,0.7983,0.9168,0.007686752,0.00262961,0.001084698,black,black,purple
rs12258832,69480.8,0.7321,0.8923,0.9175,0.007711483,0.003100137,0.002374757,black,black,black
rs9381919,71814.6,0.7125,0.8812,0.8321,0.008006728,0.003308519,0.004675929,black,black,black
rs72586392,103975.4,0.5636,0.797,0.9939,0.008394293,0.00390477,0.000117335,black,black,purple
rs78520578,62038.6,0.7373,0.99876,0.6225,0.008468921,4.00E-05,0.012169843,black,purple,green
rs6556132,107948.2,0.5409,0.6869,0.8222,0.008505932,0.00580093,0.003294173,black,black,black
rs12879559,117008.2,0.4961,0.6114,0.9372,0.008613072,0.00664227,0.001073429,black,black,purple
rs75678295,69006.8,0.7017,0.93564,0.9932,0.008645525,0.001865323,0.000197082,black,black,purple
rs72631743,52813.4,0.7696,0.97649,1,0.008725058,0.000890304,0,black,purple,purple
rs9288572,120951.4,0.4674,0.8502,0.8601,0.008806843,0.002477028,0.002313326,black,black,black
rs17096983,39599.4,0.8198,1,0.9992,0.009101148,0,4.04E-05,black,purple,purple
rs552757,96556.6,0.5565,0.6188,0.8661,0.009186322,0.007895887,0.002773503,black,black,black
rs16834081,84433.6,0.6091,0.9006,0.9387,0.009259347,0.002354513,0.001452029,black,black,black
rs12562360,66382.6,0.6783,0.4678,0.8616,0.009692299,0.016034322,0.004169767,black,green,black
rs17011824,57165.2,0.7084,0.98144,0.9985,0.010202011,0.000649346,5.25E-05,black,purple,purple
rs58646822,54478.4,0.7147,0.75,0.9675,0.010473876,0.009177949,0.001193133,black,black,purple
rs1418341,75437.8,0.5665,0.6223,0.9788,0.011492912,0.010013548,0.000562052,black,black,purple
rs772154,72073.8,0.5853,0.6829,0.9183,0.011507649,0.008799314,0.002267121,black,black,black
rs9557284,67105.8,0.5921,0.8762,0.8018,0.012156922,0.003689696,0.00590709,black,black,black
rs10923710,82109.8,0.4865,0.8069,0.8865,0.012507642,0.004703458,0.002764591,black,black,black
rs1093316,48901.2,0.6924,0.8391,0.9697,0.012580468,0.006580616,0.001239233,black,black,purple
rs12547849,58474.2,0.6154,0.8267,0.9728,0.013154519,0.0059274,0.000930325,green,black,purple
rs12553508,81130.4,0.4653,0.667,0.6899,0.013181249,0.008209007,0.007644483,green,black,black
rs811156,79954,0.465,0.823,0.857,0.013382695,0.004427546,0.003577057,green,black,black
rs12890110,62482,0.5516,0.4235,0.8865,0.014352934,0.018453315,0.003633046,green,green,black
rs7331308,67087.2,0.5022,0.5334,0.7685,0.014840387,0.013910254,0.006901466,green,green,black
rs1886569,71725,0.3883,0.7401,0.9297,0.017056814,0.007247124,0.001960265,green,black,black
rs2009262,98045,0.1496,0.7871,0.9584,0.017347137,0.004342904,0.00084859,green,black,purple
rs10862968,53825.6,0.5167,0.3366,0.9297,0.017957998,0.024649981,0.00261214,green,green,black
rs1474738,101568.6,0.0823,0.6491,0.8185,0.018070545,0.006909616,0.003573939,green,black,black
rs1951109,90639.2,0.1761,0.03342,0.4183,0.018179772,0.021328079,0.012835506,green,green,green
rs788509,71397.8,0.2652,0.5842,0.8079,0.020583267,0.011647418,0.005381118,green,black,black
rs17023457,39786.4,0.5883,0.84,0.9932,0.020695514,0.008042949,0.000341825,green,black,purple
rs7694450,64031.6,0.2973,0.448,0.8971,0.021948538,0.017241487,0.003214038,green,green,black
rs12473319,37202.4,0.4846,0.9777,0.9561,0.02770789,0.001198847,0.002360063,green,purple,black
rs6669519,58893.8,0.16,0.77516,0.8873,0.028525923,0.007635439,0.003827228,green,black,black